{"Actualized":"16.11.2015 05:30 SEČ","IsOzoneUsedInIndex":false,"Version":1,"Note":"Encoded in UTF-8. Contact vanek(@)idea-envi.cz if you need JAVA code to read this JSON","Legend":[{"Ix":1,"Color":"C7EAFB","ColorText":"000000","Description":"velmi dobrá"},{"Ix":2,"Color":"9BD3AE","ColorText":"000000","Description":"dobrá"},{"Ix":3,"Color":"FFF200","ColorText":"000000","Description":"uspokojivá"},{"Ix":4,"Color":"FAA61A","ColorText":"000000","Description":"vyhovující"},{"Ix":5,"Color":"ED1C24","ColorText":"FFFFFF","Description":"špatná"},{"Ix":6,"Color":"671F20","ColorText":"FFFFFF","Description":"velmi špatná"},{"Ix":0,"Color":"FFFFFF","ColorText":"000000","Description":"Neúplná data"},{"Ix":-1,"Color":"CFCFCF","ColorText":"000000","Description":"Index se na uvedené stanici nestanovuje"}],"Components":[{"Code":"SO2","Name":"oxid siřičitý","Unit":"µg/m³"},{"Code":"NO2","Name":"oxid dusičitý","Unit":"µg/m³"},{"Code":"CO","Name":"oxid uhelnatý","Unit":"µg/m³"},{"Code":"O3","Name":"ozon","Unit":"µg/m³"},{"Code":"PM10","Name":"částice PM10","Unit":"µg/m³"}],"States":[{"Name":"Česká republika","Code":"CZ","DateFromTo":"16.11.2015 04:00 - 05:00 SEČ","DateFromUTC":"2015-11-16 03:00:00.0 UTC","DateToUTC":"2015-11-16 04:00:00.0 UTC","Regions":[{"Name":"Praha","Code":"A","Stations":[{"Code":"","Name":"Střed Prahy","Owner":"","Classif":"","Ix":1},{"Code":"AKALA","Name":"Praha 8-Karlín","Owner":"ČHMÚ","Classif":"dopravní","Lat":"50.094238","Lon":"14.442049","Ix":1,"Components":[{"Code":"SO2","Int":"1h","Ix":-1},{"Code":"NO2","Int":"1h","Val":"12.8","Ix":1},{"Code":"CO","Int":"8h","Ix":-1},{"Code":"PM10","Int":"1h","Val":"12.0","Ix":1},{"Code":"O3","Int":"1h","Ix":-1},{"Code":"PM10","Int":"24h","Val":"9.2","Ix":-2}]},{"Code":"ALEGA","Name":"Praha 2-Legerova (hot spot)","Owner":"ČHMÚ","Classif":"dopravní","Lat":"50.072388","Lon":"14.430673","Ix":1,"Components":[{"Code":"SO2","Int":"1h","Ix":-1},{"Code":"NO2","Int":"1h","Val":"10.5","Ix":1},{"Code":"CO","Int":"8h","Val":"240","Ix":1},{"Code":"PM10","Int":"1h","Val":"9.0","Ix":1},{"Code":"O3","Int":"1h","Ix":-1},{"Code":"PM10","Int":"24h","Val":"7.5","Ix":-2}]},{"Code":"AREPA","Name":"Praha 1-n. Republiky","Owner":"ČHMÚ","Classif":"městská","Lat":"50.088066","Lon":"14.429220","Ix":0,"Components":[{"Code":"SO2","Int":"1h","Ix":-1},{"Code":"CO","Int":"8h","Ix":-1},{"Code":"PM10","Int":"1h","Val":"10.0","Ix":1},{"Code":"O3","Int":"1h","Ix":-1},{"Code":"PM10","Int":"24h","Val":"8.1","Ix":-2}]},{"Code":"ARIEA","Name":"Praha 2-Riegrovy sady","Owner":"ČHMÚ","Classif":"městská","Lat":"50.081482","Lon":"14.442692","Ix":1,"Components":[{"Code":"SO2","Int":"1h","Val":"1.3","Ix":1},{"Code":"NO2","Int":"1h","Val":"8.6","Ix":1},{"Code":"CO","Int":"8h","Ix":-1},{"Code":"PM10","Int":"1h","Val":"7.0","Ix":1},{"Code":"O3","Int":"1h","Val":"37.1","Ix":-2},{"Code":"PM10","Int":"24h","Val":"8.7","Ix":-2}]},{"Code":"ASMIA","Name":"Praha 5-Smíchov","Owner":"ČHMÚ","Classif":"dopravní","Lat":"50.073135","Lon":"14.398141","Ix":1,"Components":[{"Code":"SO2","Int":"1h","Ix":-1},{"Code":"NO2","Int":"1h","Val":"11.5","Ix":1},{"Code":"CO","Int":"8h","Ix":-1},{"Code":"PM10","Int":"1h","Val":"12.0","Ix":1},{"Code":"O3","Int":"1h","Ix":-1},{"Code":"PM10","Int":"24h","Val":"10.1","Ix":-2}]},{"Code":"AVRSA","Name":"Praha 10-Vršovice","Owner":"ČHMÚ","Classif":"dopravní","Lat":"50.066429","Lon":"14.446152","Ix":1,"Components":[{"Code":"SO2","Int":"1h","Ix":-1},{"Code":"NO2","Int":"1h","Ix":-1},{"Code":"CO","Int":"8h","Ix":-1},{"Code":"PM10","Int":"1h","Val":"9.0","Ix":1},{"Code":"O3","Int":"1h","Ix":-1},{"Code":"PM10","Int":"24h","Val":"10.4","Ix":-2}]},{"Code":"AVYNA","Name":"Praha 9-Vysočany","Owner":"ČHMÚ","Classif":"dopravní","Lat":"50.111080","Lon":"14.503096","Ix":1,"Components":[{"Code":"SO2","Int":"1h","Ix":-1},{"Code":"NO2","Int":"1h","Val":"9.9","Ix":1},{"Code":"CO","Int":"8h","Ix":-1},{"Code":"PM10","Int":"1h","Val":"7.0","Ix":1},{"Code":"O3","Int":"1h","Val":"35.5","Ix":-2},{"Code":"PM10","Int":"24h","Val":"7.5","Ix":-2}]},{"Code":"","Name":"Okraj Prahy","Owner":"","Classif":"","Ix":1},{"Code":"ABRAA","Name":"Praha 4-Braník","Owner":"ČHMÚ","Classif":"dopravní","Lat":"50.042004","Lon":"14.411826","Ix":1,"Components":[{"Code":"SO2","Int":"1h","Ix":-1},{"Code":"NO2","Int":"1h","Val":"8.6","Ix":1},{"Code":"CO","Int":"8h","Ix":-1},{"Code":"PM10","Int":"1h","Val":"19.0","Ix":1},{"Code":"O3","Int":"1h","Ix":-1},{"Code":"PM10","Int":"24h","Val":"6.6","Ix":-2}]},{"Code":"AKOBA","Name":"Praha 8-Kobylisy","Owner":"ČHMÚ","Classif":"předměstská","Lat":"50.122189","Lon":"14.467578","Ix":1,"Components":[{"Code":"SO2","Int":"1h","Ix":-1},{"Code":"NO2","Int":"1h","Val":"6.9","Ix":1},{"Code":"CO","Int":"8h","Ix":-1},{"Code":"PM10","Int":"1h","Val":"11.0","Ix":1},{"Code":"O3","Int":"1h","Val":"35.9","Ix":-2},{"Code":"PM10","Int":"24h","Val":"8.0","Ix":-2}]},{"Code":"ALIBA","Name":"Praha 4-Libuš","Owner":"ČHMÚ","Classif":"předměstská","Lat":"50.007305","Lon":"14.445933","Ix":1,"Components":[{"Code":"SO2","Int":"1h","Val":"1.3","Ix":1},{"Code":"NO2","Int":"1h","Val":"5.0","Ix":1},{"Code":"PM10","Int":"1h","Val":"7.7","Ix":1},{"Code":"O3","Int":"1h","Val":"","Ix":-2},{"Code":"PM10","Int":"24h","Val":"5.4","Ix":-2}]},{"Code":"ASTOA","Name":"Praha 5-Stodůlky","Owner":"ČHMÚ","Classif":"městská","Lat":"50.046131","Lon":"14.331413","Ix":2,"Components":[{"Code":"SO2","Int":"1h","Ix":-1},{"Code":"NO2","Int":"1h","Ix":-1},{"Code":"CO","Int":"8h","Ix":-1},{"Code":"PM10","Int":"1h","Val":"21.0","Ix":2},{"Code":"O3","Int":"1h","Val":"37.1","Ix":-2},{"Code":"PM10","Int":"24h","Val":"9.9","Ix":-2}]},{"Code":"ASUCA","Name":"Praha 6-Suchdol","Owner":"ČHMÚ","Classif":"předměstská","Lat":"50.126530","Lon":"14.384639","Ix":1,"Components":[{"Code":"SO2","Int":"1h","Val":"1.3","Ix":1},{"Code":"NO2","Int":"1h","Val":"2.7","Ix":1},{"Code":"CO","Int":"8h","Ix":-1},{"Code":"PM10","Int":"1h","Val":"8.0","Ix":1},{"Code":"O3","Int":"1h","Val":"44.3","Ix":-2},{"Code":"PM10","Int":"24h","Val":"8.0","Ix":-2}]},{"Code":"ABREA","Name":"Praha 6-Břevnov","Owner":"ČHMÚ","Classif":"městská","Lat":"50.084385","Lon":"14.380116","Ix":1,"Components":[{"Code":"SO2","Int":"1h","Ix":-1},{"Code":"NO2","Int":"1h","Val":"5.5","Ix":1},{"Code":"CO","Int":"8h","Ix":-1},{"Code":"PM10","Int":"1h","Val":"14.0","Ix":1},{"Code":"O3","Int":"1h","Ix":-1},{"Code":"PM10","Int":"24h","Val":"9.0","Ix":-2}]},{"Code":"APRUA","Name":"Praha 10-Průmyslová","Owner":"ČHMÚ","Classif":"dopravní","Lat":"50.062298","Lon":"14.537820","Ix":1,"Components":[{"Code":"SO2","Int":"1h","Ix":-1},{"Code":"NO2","Int":"1h","Val":"15.5","Ix":1},{"Code":"CO","Int":"8h","Ix":-1},{"Code":"PM10","Int":"1h","Val":"17.0","Ix":1},{"Code":"O3","Int":"1h","Ix":-1},{"Code":"PM10","Int":"24h","Val":"9.1","Ix":-2}]}]},{"Name":"Středočeský","Code":"S","Stations":[{"Code":"SBERA","Name":"Beroun","Owner":"ČHMÚ","Classif":"dopravní","Lat":"49.957928","Lon":"14.058300","Ix":1,"Components":[{"Code":"SO2","Int":"1h","Ix":-1},{"Code":"NO2","Int":"1h","Val":"9.2","Ix":1},{"Code":"CO","Int":"8h","Val":"53","Ix":1},{"Code":"PM10","Int":"1h","Val":"19.0","Ix":1},{"Code":"O3","Int":"1h","Ix":-1},{"Code":"PM10","Int":"24h","Val":"11.4","Ix":-2}]},{"Code":"SKLMA","Name":"Kladno-střed města","Owner":"ČHMÚ","Classif":"městská","Lat":"50.143860","Lon":"14.101784","Ix":1,"Components":[{"Code":"SO2","Int":"1h","Ix":-1},{"Code":"NO2","Int":"1h","Ix":-1},{"Code":"CO","Int":"8h","Ix":-1},{"Code":"PM10","Int":"1h","Val":"9.0","Ix":1},{"Code":"O3","Int":"1h","Val":"45.3","Ix":-2},{"Code":"PM10","Int":"24h","Val":"7.4","Ix":-2}]},{"Code":"SKLSA","Name":"Kladno-Švermov","Owner":"ČHMÚ","Classif":"městská","Lat":"50.167412","Lon":"14.106048","Ix":0,"Components":[{"Code":"CO","Int":"8h","Ix":-1},{"Code":"O3","Int":"1h","Ix":-1},{"Code":"PM10","Int":"24h","Val":"","Ix":-2}]},{"Code":"SMBOA","Name":"Mladá Boleslav","Owner":"ČHMÚ","Classif":"městská","Lat":"50.428646","Lon":"14.913859","Ix":1,"Components":[{"Code":"SO2","Int":"1h","Ix":-1},{"Code":"NO2","Int":"1h","Val":"13.4","Ix":1},{"Code":"CO","Int":"8h","Ix":-1},{"Code":"PM10","Int":"1h","Val":"3.0","Ix":1},{"Code":"O3","Int":"1h","Val":"32.9","Ix":-2},{"Code":"PM10","Int":"24h","Val":"3.8","Ix":-2}]},{"Code":"SONRA","Name":"Ondřejov","Owner":"ČHMÚ","Classif":"venkovská","Lat":"49.913513","Lon":"14.782625","Ix":-1,"Components":[{"Code":"SO2","Int":"1h","Ix":-1},{"Code":"NO2","Int":"1h","Ix":-1},{"Code":"CO","Int":"8h","Ix":-1},{"Code":"PM10","Int":"1h","Ix":-1},{"Code":"O3","Int":"1h","Val":"39.5","Ix":-2},{"Code":"PM10","Int":"24h","Ix":-1}]},{"Code":"SPRIA","Name":"Příbram","Owner":"ČHMÚ","Classif":"dopravní","Lat":"49.684944","Lon":"14.007740","Ix":1,"Components":[{"Code":"SO2","Int":"1h","Ix":-1},{"Code":"NO2","Int":"1h","Val":"6.3","Ix":1},{"Code":"CO","Int":"8h","Ix":-1},{"Code":"PM10","Int":"1h","Val":"11.0","Ix":1},{"Code":"O3","Int":"1h","Ix":-1},{"Code":"PM10","Int":"24h","Val":"9.9","Ix":-2}]},{"Code":"SRORA","Name":"Rožďalovice-Ruská","Owner":"ČHMÚ","Classif":"venkovská","Lat":"50.301983","Lon":"15.178303","Ix":0,"Components":[{"Code":"SO2","Int":"1h","Val":"4.3","Ix":1},{"Code":"NO2","Int":"1h","Val":"3.8","Ix":1},{"Code":"CO","Int":"8h","Ix":-1},{"Code":"O3","Int":"1h","Ix":-1},{"Code":"PM10","Int":"24h","Val":"","Ix":-2}]},{"Code":"STCSA","Name":"Tobolka-Čertovy schody","Owner":"VČs","Classif":"venkovská","Lat":"49.918503","Lon":"14.094489","Ix":-1,"Components":[{"Code":"SO2","Int":"1h","Ix":-1},{"Code":"NO2","Int":"1h","Val":"8.4","Ix":1},{"Code":"CO","Int":"8h","Val":"321","Ix":1},{"Code":"PM10","Int":"1h","Ix":-1},{"Code":"O3","Int":"1h","Val":"41.5","Ix":-2},{"Code":"PM10","Int":"24h","Ix":-1}]}]},{"Name":"Jihočeský","Code":"C","Stations":[{"Code":"CCBDA","Name":"České Budějovice","Owner":"ČHMÚ","Classif":"městská","Lat":"48.984386","Lon":"14.465684","Ix":1,"Components":[{"Code":"SO2","Int":"1h","Val":"4.3","Ix":1},{"Code":"NO2","Int":"1h","Val":"9.6","Ix":1},{"Code":"CO","Int":"8h","Ix":-1},{"Code":"PM10","Int":"1h","Val":"5.0","Ix":1},{"Code":"O3","Int":"1h","Val":"26.5","Ix":-2},{"Code":"PM10","Int":"24h","Val":"7.7","Ix":-2}]},{"Code":"CCHUA","Name":"Churáňov","Owner":"ČHMÚ","Classif":"venkovská","Lat":"49.068436","Lon":"13.614801","Ix":-1,"Components":[{"Code":"SO2","Int":"1h","Val":"5.6","Ix":1},{"Code":"NO2","Int":"1h","Val":"1.9","Ix":1},{"Code":"CO","Int":"8h","Ix":-1},{"Code":"PM10","Int":"1h","Ix":-1},{"Code":"O3","Int":"1h","Val":"","Ix":-2},{"Code":"PM10","Int":"24h","Ix":-1}]},{"Code":"CHVOA","Name":"Hojná Voda","Owner":"ČHMÚ","Classif":"venkovská","Lat":"48.724197","Lon":"14.723382","Ix":1,"Components":[{"Code":"SO2","Int":"1h","Ix":-1},{"Code":"NO2","Int":"1h","Ix":-1},{"Code":"CO","Int":"8h","Ix":-1},{"Code":"PM10","Int":"1h","Val":"2.0","Ix":1},{"Code":"O3","Int":"1h","Val":"","Ix":-2},{"Code":"PM10","Int":"24h","Val":"6.0","Ix":-2}]},{"Code":"CKOCA","Name":"Kocelovice","Owner":"ČHMÚ","Classif":"venkovská","Lat":"49.467243","Lon":"13.838234","Ix":-1,"Components":[{"Code":"SO2","Int":"1h","Ix":-1},{"Code":"NO2","Int":"1h","Ix":-1},{"Code":"CO","Int":"8h","Ix":-1},{"Code":"PM10","Int":"1h","Ix":-1},{"Code":"O3","Int":"1h","Val":"45.9","Ix":-2},{"Code":"PM10","Int":"24h","Ix":-1}]},{"Code":"CPRAA","Name":"Prachatice","Owner":"ČHMÚ","Classif":"předměstská","Lat":"49.016087","Lon":"14.000444","Ix":1,"Components":[{"Code":"NO2","Int":"1h","Val":"2.9","Ix":1},{"Code":"PM10","Int":"1h","Val":"6.0","Ix":1},{"Code":"O3","Int":"1h","Val":"55.9","Ix":-2},{"Code":"PM10","Int":"24h","Val":"7.4","Ix":-2}]},{"Code":"CTABA","Name":"Tábor","Owner":"ČHMÚ","Classif":"dopravní","Lat":"49.411232","Lon":"14.676389","Ix":1,"Components":[{"Code":"SO2","Int":"1h","Ix":-1},{"Code":"NO2","Int":"1h","Val":"5.7","Ix":1},{"Code":"CO","Int":"8h","Val":"138","Ix":1},{"Code":"PM10","Int":"1h","Val":"14.0","Ix":1},{"Code":"O3","Int":"1h","Val":"41.5","Ix":-2},{"Code":"PM10","Int":"24h","Val":"","Ix":-2}]}]},{"Name":"Plzeňský","Code":"P","Stations":[{"Code":"PKUJA","Name":"Kamenný Újezd","Owner":"ČHMÚ","Classif":"venkovská","Lat":"49.722000","Lon":"13.618538","Ix":1,"Components":[{"Code":"NO2","Int":"1h","Val":"4.6","Ix":1},{"Code":"CO","Int":"8h","Ix":-1},{"Code":"PM10","Int":"1h","Val":"14.0","Ix":1},{"Code":"O3","Int":"1h","Ix":-1},{"Code":"PM10","Int":"24h","Val":"11.5","Ix":-2}]},{"Code":"PPLAA","Name":"Plzeň-Slovany","Owner":"MPl","Classif":"dopravní","Lat":"49.732449","Lon":"13.402281","Ix":2,"Components":[{"Code":"SO2","Int":"1h","Val":"2.9","Ix":1},{"Code":"NO2","Int":"1h","Val":"1.0","Ix":1},{"Code":"CO","Int":"8h","Val":"1 166","Ix":2},{"Code":"PM10","Int":"1h","Val":"12.0","Ix":1},{"Code":"O3","Int":"1h","Val":"41.7","Ix":-2},{"Code":"PM10","Int":"24h","Val":"13.5","Ix":-2}]},{"Code":"PPLBA","Name":"Plzeň-Bory","Owner":"MPl","Classif":"městská","Lat":"49.728394","Lon":"13.375540","Ix":1,"Components":[{"Code":"SO2","Int":"1h","Val":"1.3","Ix":1},{"Code":"NO2","Int":"1h","Val":"1.0","Ix":1},{"Code":"CO","Int":"8h","Val":"381","Ix":1},{"Code":"PM10","Int":"1h","Val":"7.0","Ix":1},{"Code":"O3","Int":"1h","Val":"37.9","Ix":-2},{"Code":"PM10","Int":"24h","Val":"6.2","Ix":-2}]},{"Code":"PPLEA","Name":"Plzeň-střed","Owner":"MPl","Classif":"dopravní","Lat":"49.747330","Lon":"13.381039","Ix":1,"Components":[{"Code":"SO2","Int":"1h","Val":"6.7","Ix":1},{"Code":"NO2","Int":"1h","Val":"22.0","Ix":1},{"Code":"CO","Int":"8h","Val":"215","Ix":1},{"Code":"PM10","Int":"1h","Val":"5.0","Ix":1},{"Code":"O3","Int":"1h","Ix":-1},{"Code":"PM10","Int":"24h","Val":"4.5","Ix":-2}]},{"Code":"PPLLA","Name":"Plzeň-Lochotín","Owner":"MPl","Classif":"městská","Lat":"49.770126","Lon":"13.368221","Ix":1,"Components":[{"Code":"SO2","Int":"1h","Val":"9.3","Ix":1},{"Code":"NO2","Int":"1h","Val":"9.4","Ix":1},{"Code":"CO","Int":"8h","Ix":-1},{"Code":"PM10","Int":"1h","Val":"7.0","Ix":1},{"Code":"O3","Int":"1h","Val":"45.7","Ix":-2},{"Code":"PM10","Int":"24h","Val":"6.0","Ix":-2}]},{"Code":"PPLSA","Name":"Plzeň-Skvrňany","Owner":"MPl","Classif":"předměstská","Lat":"49.745991","Lon":"13.320748","Ix":1,"Components":[{"Code":"SO2","Int":"1h","Val":"1.3","Ix":1},{"Code":"NO2","Int":"1h","Val":"5.9","Ix":1},{"Code":"CO","Int":"8h","Ix":-1},{"Code":"PM10","Int":"1h","Val":"7.0","Ix":1},{"Code":"O3","Int":"1h","Ix":-1},{"Code":"PM10","Int":"24h","Val":"6.9","Ix":-2}]},{"Code":"PPLVA","Name":"Plzeň-Doubravka","Owner":"ČHMÚ","Classif":"předměstská","Lat":"49.768616","Lon":"13.423381","Ix":1,"Components":[{"Code":"SO2","Int":"1h","Val":"8.8","Ix":1},{"Code":"NO2","Int":"1h","Val":"6.5","Ix":1},{"Code":"CO","Int":"8h","Ix":-1},{"Code":"PM10","Int":"1h","Val":"18.0","Ix":1},{"Code":"O3","Int":"1h","Val":"40.9","Ix":-2},{"Code":"PM10","Int":"24h","Val":"13.2","Ix":-2}]},{"Code":"PPMOA","Name":"Plzeň - mobil 20.03.2013 Plzeň - Litice","Owner":"MPl","Classif":"","Lat":"49.692787","Lon":"13.352594","Ix":1,"Components":[{"Code":"SO2","Int":"1h","Val":"7.5","Ix":1},{"Code":"NO2","Int":"1h","Val":"5.0","Ix":1},{"Code":"CO","Int":"8h","Val":"799","Ix":1},{"Code":"PM10","Int":"1h","Val":"10.0","Ix":1},{"Code":"O3","Int":"1h","Val":"39.9","Ix":-2},{"Code":"PM10","Int":"24h","Val":"10.5","Ix":-2}]},{"Code":"PPRMA","Name":"Přimda","Owner":"ČHMÚ","Classif":"venkovská","Lat":"49.669582","Lon":"12.677884","Ix":-1,"Components":[{"Code":"SO2","Int":"1h","Ix":-1},{"Code":"NO2","Int":"1h","Ix":-1},{"Code":"CO","Int":"8h","Ix":-1},{"Code":"PM10","Int":"1h","Ix":-1},{"Code":"O3","Int":"1h","Val":"51.5","Ix":-2},{"Code":"PM10","Int":"24h","Ix":-1}]}]},{"Name":"Karlovarský","Code":"K","Stations":[{"Code":"KCHMA","Name":"Cheb","Owner":"ČHMÚ","Classif":"předměstská","Lat":"50.065861","Lon":"12.363442","Ix":1,"Components":[{"Code":"SO2","Int":"1h","Ix":-1},{"Code":"NO2","Int":"1h","Ix":-1},{"Code":"CO","Int":"8h","Ix":-1},{"Code":"PM10","Int":"1h","Val":"10.0","Ix":1},{"Code":"O3","Int":"1h","Ix":-1},{"Code":"PM10","Int":"24h","Val":"7.8","Ix":-2}]},{"Code":"KPRBA","Name":"Přebuz","Owner":"ČHMÚ","Classif":"venkovská","Lat":"50.372478","Lon":"12.615380","Ix":-1,"Components":[{"Code":"SO2","Int":"1h","Val":"1.3","Ix":1},{"Code":"NO2","Int":"1h","Val":"2.5","Ix":1},{"Code":"CO","Int":"8h","Ix":-1},{"Code":"PM10","Int":"1h","Ix":-1},{"Code":"O3","Int":"1h","Val":"48.9","Ix":-2},{"Code":"PM10","Int":"24h","Ix":-1}]},{"Code":"KSOMA","Name":"Sokolov","Owner":"ČHMÚ","Classif":"předměstská","Lat":"50.172825","Lon":"12.672818","Ix":1,"Components":[{"Code":"SO2","Int":"1h","Val":"6.1","Ix":1},{"Code":"NO2","Int":"1h","Val":"3.1","Ix":1},{"Code":"CO","Int":"8h","Ix":-1},{"Code":"PM10","Int":"1h","Val":"8.0","Ix":1},{"Code":"O3","Int":"1h","Val":"51.1","Ix":-2},{"Code":"PM10","Int":"24h","Val":"8.8","Ix":-2}]}]},{"Name":"Ústecký","Code":"U","Stations":[{"Code":"UCHMA","Name":"Chomutov","Owner":"ČHMÚ","Classif":"městská","Lat":"50.467529","Lon":"13.412696","Ix":1,"Components":[{"Code":"SO2","Int":"1h","Ix":-1},{"Code":"NO2","Int":"1h","Ix":-1},{"Code":"CO","Int":"8h","Ix":-1},{"Code":"PM10","Int":"1h","Val":"8.0","Ix":1},{"Code":"O3","Int":"1h","Ix":-1},{"Code":"PM10","Int":"24h","Val":"6.2","Ix":-2}]},{"Code":"UDCMA","Name":"Děčín","Owner":"ČHMÚ","Classif":"městská","Lat":"50.774151","Lon":"14.218794","Ix":1,"Components":[{"Code":"SO2","Int":"1h","Ix":-1},{"Code":"NO2","Int":"1h","Val":"8.6","Ix":1},{"Code":"CO","Int":"8h","Ix":-1},{"Code":"PM10","Int":"1h","Val":"3.0","Ix":1},{"Code":"O3","Int":"1h","Ix":-1},{"Code":"PM10","Int":"24h","Val":"4.8","Ix":-2}]},{"Code":"UDOKA","Name":"Doksany","Owner":"ČHMÚ","Classif":"venkovská","Lat":"50.458855","Lon":"14.170162","Ix":-1,"Components":[{"Code":"SO2","Int":"1h","Val":"4.5","Ix":1},{"Code":"NO2","Int":"1h","Val":"8.8","Ix":1},{"Code":"CO","Int":"8h","Ix":-1},{"Code":"PM10","Int":"1h","Ix":-1},{"Code":"O3","Int":"1h","Ix":-1},{"Code":"PM10","Int":"24h","Ix":-1}]},{"Code":"UKRUA","Name":"Krupka","Owner":"ČHMÚ","Classif":"venkovská","Lat":"50.696671","Lon":"13.847692","Ix":1,"Components":[{"Code":"SO2","Int":"1h","Val":"1.3","Ix":1},{"Code":"NO2","Int":"1h","Ix":-1},{"Code":"CO","Int":"8h","Ix":-1},{"Code":"PM10","Int":"1h","Val":"3.0","Ix":1},{"Code":"O3","Int":"1h","Ix":-1},{"Code":"PM10","Int":"24h","Val":"2.8","Ix":-2}]},{"Code":"ULOMA","Name":"Lom","Owner":"ČHMÚ","Classif":"venkovská","Lat":"50.585766","Lon":"13.673418","Ix":0,"Components":[{"Code":"CO","Int":"8h","Ix":-1},{"Code":"PM10","Int":"1h","Val":"2.0","Ix":1},{"Code":"O3","Int":"1h","Val":"41.3","Ix":-2},{"Code":"PM10","Int":"24h","Val":"3.5","Ix":-2}]},{"Code":"ULTTA","Name":"Litoměřice","Owner":"ČHMÚ","Classif":"městská","Lat":"50.540897","Lon":"14.119409","Ix":1,"Components":[{"Code":"SO2","Int":"1h","Val":"7.5","Ix":1},{"Code":"NO2","Int":"1h","Ix":-1},{"Code":"CO","Int":"8h","Ix":-1},{"Code":"PM10","Int":"1h","Val":"4.0","Ix":1},{"Code":"O3","Int":"1h","Val":"34.1","Ix":-2},{"Code":"PM10","Int":"24h","Val":"3.9","Ix":-2}]},{"Code":"UMEDA","Name":"Měděnec","Owner":"ČHMÚ","Classif":"venkovská","Lat":"50.427589","Lon":"13.130143","Ix":1,"Components":[{"Code":"SO2","Int":"1h","Val":"1.3","Ix":1},{"Code":"NO2","Int":"1h","Ix":-1},{"Code":"CO","Int":"8h","Ix":-1},{"Code":"PM10","Int":"1h","Val":"7.0","Ix":1},{"Code":"O3","Int":"1h","Ix":-1},{"Code":"PM10","Int":"24h","Val":"3.4","Ix":-2}]},{"Code":"UMOMA","Name":"Most","Owner":"ČHMÚ","Classif":"městská","Lat":"50.510365","Lon":"13.645272","Ix":1,"Components":[{"Code":"SO2","Int":"1h","Ix":-1},{"Code":"NO2","Int":"1h","Val":"6.1","Ix":1},{"Code":"CO","Int":"8h","Ix":-1},{"Code":"PM10","Int":"1h","Val":"9.0","Ix":1},{"Code":"O3","Int":"1h","Val":"48.9","Ix":-2},{"Code":"PM10","Int":"24h","Val":"4.5","Ix":-2}]},{"Code":"URVHA","Name":"Rudolice v Horách","Owner":"ČHMÚ","Classif":"venkovská","Lat":"50.579834","Lon":"13.419506","Ix":1,"Components":[{"Code":"SO2","Int":"1h","Ix":-1},{"Code":"NO2","Int":"1h","Ix":-1},{"Code":"CO","Int":"8h","Ix":-1},{"Code":"PM10","Int":"1h","Val":"3.0","Ix":1},{"Code":"O3","Int":"1h","Val":"","Ix":-2},{"Code":"PM10","Int":"24h","Val":"2.7","Ix":-2}]},{"Code":"USNZA","Name":"Sněžník","Owner":"ČHMÚ","Classif":"venkovská","Lat":"50.789444","Lon":"14.086799","Ix":-1,"Components":[{"Code":"SO2","Int":"1h","Val":"1.3","Ix":1},{"Code":"NO2","Int":"1h","Val":"4.2","Ix":1},{"Code":"CO","Int":"8h","Ix":-1},{"Code":"PM10","Int":"1h","Ix":-1},{"Code":"O3","Int":"1h","Val":"45.9","Ix":-2},{"Code":"PM10","Int":"24h","Ix":-1}]},{"Code":"UTPMA","Name":"Teplice ","Owner":"ČHMÚ","Classif":"městská","Lat":"50.645279","Lon":"13.851250","Ix":1,"Components":[{"Code":"SO2","Int":"1h","Val":"4.8","Ix":1},{"Code":"NO2","Int":"1h","Ix":-1},{"Code":"CO","Int":"8h","Ix":-1},{"Code":"PM10","Int":"1h","Val":"2.0","Ix":1},{"Code":"O3","Int":"1h","Val":"41.9","Ix":-2},{"Code":"PM10","Int":"24h","Val":"4.0","Ix":-2}]},{"Code":"UTUSA","Name":"Tušimice","Owner":"ČHMÚ","Classif":"venkovská","Lat":"50.376587","Lon":"13.327622","Ix":0,"Components":[{"Code":"CO","Int":"8h","Ix":-1},{"Code":"PM10","Int":"1h","Val":"8.0","Ix":1},{"Code":"O3","Int":"1h","Val":"47.1","Ix":-2},{"Code":"PM10","Int":"24h","Val":"4.8","Ix":-2}]},{"Code":"UULDA","Name":"Ústí n.L.-Všebořická (hot spot)","Owner":"ČHMÚ","Classif":"dopravní","Lat":"50.683125","Lon":"13.997873","Ix":1,"Components":[{"Code":"SO2","Int":"1h","Ix":-1},{"Code":"NO2","Int":"1h","Val":"10.1","Ix":1},{"Code":"CO","Int":"8h","Val":"290","Ix":1},{"Code":"PM10","Int":"1h","Val":"4.0","Ix":1},{"Code":"O3","Int":"1h","Ix":-1},{"Code":"PM10","Int":"24h","Val":"5.3","Ix":-2}]},{"Code":"UULKA","Name":"Ústí n.L.-Kočkov","Owner":"ČHMÚ","Classif":"předměstská","Lat":"50.683525","Lon":"14.041195","Ix":1,"Components":[{"Code":"SO2","Int":"1h","Val":"4.0","Ix":1},{"Code":"NO2","Int":"1h","Val":"8.8","Ix":1},{"Code":"CO","Int":"8h","Ix":-1},{"Code":"PM10","Int":"1h","Val":"3.0","Ix":1},{"Code":"O3","Int":"1h","Val":"39.9","Ix":-2},{"Code":"PM10","Int":"24h","Val":"4.6","Ix":-2}]},{"Code":"UULMA","Name":"Ústí n.L.-město","Owner":"ČHMÚ","Classif":"městská","Lat":"50.661095","Lon":"14.043063","Ix":1,"Components":[{"Code":"SO2","Int":"1h","Val":"1.3","Ix":1},{"Code":"NO2","Int":"1h","Val":"5.2","Ix":1},{"Code":"CO","Int":"8h","Ix":-1},{"Code":"PM10","Int":"1h","Val":"3.0","Ix":1},{"Code":"O3","Int":"1h","Ix":-1},{"Code":"PM10","Int":"24h","Val":"4.1","Ix":-2}]}]},{"Name":"Liberecký","Code":"L","Stations":[{"Code":"LCLMA","Name":"Česká Lípa","Owner":"ČHMÚ","Classif":"městská","Lat":"50.698044","Lon":"14.537345","Ix":1,"Components":[{"Code":"SO2","Int":"1h","Ix":-1},{"Code":"NO2","Int":"1h","Ix":-1},{"Code":"CO","Int":"8h","Ix":-1},{"Code":"PM10","Int":"1h","Val":"3.0","Ix":1},{"Code":"O3","Int":"1h","Ix":-1},{"Code":"PM10","Int":"24h","Val":"5.2","Ix":-2}]},{"Code":"LFRTA","Name":"Frýdlant","Owner":"ČHMÚ","Classif":"venkovská","Lat":"50.940651","Lon":"15.069817","Ix":-1,"Components":[{"Code":"SO2","Int":"1h","Val":"8.3","Ix":1},{"Code":"NO2","Int":"1h","Ix":-1},{"Code":"CO","Int":"8h","Ix":-1},{"Code":"PM10","Int":"1h","Ix":-1},{"Code":"O3","Int":"1h","Val":"37.3","Ix":-2},{"Code":"PM10","Int":"24h","Ix":-1}]},{"Code":"LLILA","Name":"Liberec Rochlice","Owner":"ČHMÚ","Classif":"městská","Lat":"50.755100","Lon":"15.069967","Ix":1,"Components":[{"Code":"SO2","Int":"1h","Val":"1.3","Ix":1},{"Code":"NO2","Int":"1h","Val":"6.9","Ix":1},{"Code":"CO","Int":"8h","Ix":-1},{"Code":"PM10","Int":"1h","Val":"3.0","Ix":1},{"Code":"O3","Int":"1h","Val":"36.7","Ix":-2},{"Code":"PM10","Int":"24h","Val":"3.8","Ix":-2}]},{"Code":"LSOUA","Name":"Souš","Owner":"ČHMÚ","Classif":"venkovská","Lat":"50.789646","Lon":"15.319683","Ix":-1,"Components":[{"Code":"SO2","Int":"1h","Ix":-1},{"Code":"NO2","Int":"1h","Ix":-1},{"Code":"CO","Int":"8h","Ix":-1},{"Code":"PM10","Int":"1h","Ix":-1},{"Code":"O3","Int":"1h","Val":"45.5","Ix":-2},{"Code":"PM10","Int":"24h","Ix":-1}]}]},{"Name":"Královéhradecký","Code":"H","Stations":[{"Code":"HHKBA","Name":"Hradec Králové-Brněnská","Owner":"ČHMÚ","Classif":"dopravní","Lat":"50.195362","Lon":"15.846376","Ix":1,"Components":[{"Code":"SO2","Int":"1h","Ix":-1},{"Code":"NO2","Int":"1h","Val":"6.1","Ix":1},{"Code":"CO","Int":"8h","Val":"183","Ix":1},{"Code":"PM10","Int":"1h","Val":"17.0","Ix":1},{"Code":"O3","Int":"1h","Ix":-1},{"Code":"PM10","Int":"24h","Val":"6.7","Ix":-2}]},{"Code":"HHKOK","Name":"Hradec Králové-observatoř","Owner":"ČHMÚ","Classif":"předměstská","Lat":"50.177631","Lon":"15.838390","Ix":-1,"Components":[{"Code":"SO2","Int":"1h","Ix":-1},{"Code":"NO2","Int":"1h","Ix":-1},{"Code":"CO","Int":"8h","Ix":-1},{"Code":"PM10","Int":"1h","Ix":-1},{"Code":"O3","Int":"1h","Val":"33.5","Ix":-2},{"Code":"PM10","Int":"24h","Ix":-1}]},{"Code":"HKRYA","Name":"Krkonoše-Rýchory","Owner":"ČHMÚ","Classif":"venkovská","Lat":"50.660439","Lon":"15.850090","Ix":-1,"Components":[{"Code":"SO2","Int":"1h","Ix":-1},{"Code":"NO2","Int":"1h","Ix":-1},{"Code":"CO","Int":"8h","Ix":-1},{"Code":"PM10","Int":"1h","Ix":-1},{"Code":"O3","Int":"1h","Val":"39.5","Ix":-2},{"Code":"PM10","Int":"24h","Ix":-1}]},{"Code":"HPLOA","Name":"Polom","Owner":"ČHMÚ","Classif":"venkovská","Lat":"50.350277","Lon":"16.322500","Ix":0,"Components":[{"Code":"SO2","Int":"1h","Ix":-1},{"Code":"CO","Int":"8h","Ix":-1},{"Code":"PM10","Int":"1h","Val":"1.0","Ix":1},{"Code":"O3","Int":"1h","Val":"34.5","Ix":-2},{"Code":"PM10","Int":"24h","Val":"2.1","Ix":-2}]},{"Code":"HTRTA","Name":"Trutnov - Tkalcovská","Owner":"ČHMÚ","Classif":"městská","Lat":"50.565880","Lon":"15.903927","Ix":1,"Components":[{"Code":"SO2","Int":"1h","Ix":-1},{"Code":"NO2","Int":"1h","Ix":-1},{"Code":"CO","Int":"8h","Ix":-1},{"Code":"PM10","Int":"1h","Val":"3.0","Ix":1},{"Code":"O3","Int":"1h","Ix":-1},{"Code":"PM10","Int":"24h","Val":"6.1","Ix":-2}]}]},{"Name":"Pardubický","Code":"E","Stations":[{"Code":"EMTPA","Name":"Moravská Třebová - Piaristická.","Owner":"ČHMÚ","Classif":"městská","Lat":"49.758995","Lon":"16.666721","Ix":1,"Components":[{"Code":"SO2","Int":"1h","Ix":-1},{"Code":"NO2","Int":"1h","Val":"4.8","Ix":1},{"Code":"CO","Int":"8h","Ix":-1},{"Code":"PM10","Int":"1h","Val":"9.0","Ix":1},{"Code":"O3","Int":"1h","Ix":-1},{"Code":"PM10","Int":"24h","Val":"6.3","Ix":-2}]},{"Code":"EPAOA","Name":"Pardubice-Rosice","Owner":"SMPce,ČHMÚ","Classif":"předměstská","Lat":"50.042198","Lon":"15.739414","Ix":-1,"Components":[{"Code":"SO2","Int":"1h","Val":"8.3","Ix":1},{"Code":"NO2","Int":"1h","Val":"6.5","Ix":1},{"Code":"CO","Int":"8h","Ix":-1},{"Code":"PM10","Int":"1h","Ix":-1},{"Code":"O3","Int":"1h","Ix":-1},{"Code":"PM10","Int":"24h","Ix":-1}]},{"Code":"EPAUA","Name":"Pardubice Dukla","Owner":"ČHMÚ","Classif":"městská","Lat":"50.024036","Lon":"15.763549","Ix":1,"Components":[{"Code":"SO2","Int":"1h","Val":"16.8","Ix":1},{"Code":"NO2","Int":"1h","Ix":-1},{"Code":"CO","Int":"8h","Ix":-1},{"Code":"PM10","Int":"1h","Val":"13.0","Ix":1},{"Code":"O3","Int":"1h","Val":"","Ix":-2},{"Code":"PM10","Int":"24h","Val":"7.2","Ix":-2}]},{"Code":"ESVRA","Name":"Svratouch","Owner":"ČHMÚ","Classif":"venkovská","Lat":"49.735085","Lon":"16.034197","Ix":-1,"Components":[{"Code":"SO2","Int":"1h","Ix":-1},{"Code":"NO2","Int":"1h","Ix":-1},{"Code":"CO","Int":"8h","Ix":-1},{"Code":"PM10","Int":"1h","Ix":-1},{"Code":"O3","Int":"1h","Val":"","Ix":-2},{"Code":"PM10","Int":"24h","Ix":-1}]}]},{"Name":"Vysočina","Code":"J","Stations":[{"Code":"JHBSA","Name":"Havl.Brod-Smetan.nám.","Owner":"ZÚ-Ostrava","Classif":"městská","Lat":"49.605556","Lon":"15.579167","Ix":1,"Components":[{"Code":"SO2","Int":"1h","Ix":-1},{"Code":"NO2","Int":"1h","Ix":-1},{"Code":"CO","Int":"8h","Ix":-1},{"Code":"PM10","Int":"1h","Val":"9.0","Ix":1},{"Code":"O3","Int":"1h","Ix":-1},{"Code":"PM10","Int":"24h","Val":"9.1","Ix":-2}]},{"Code":"JJIHA","Name":"Jihlava","Owner":"ČHMÚ","Classif":"městská","Lat":"49.401596","Lon":"15.610246","Ix":1,"Components":[{"Code":"SO2","Int":"1h","Val":"2.9","Ix":1},{"Code":"NO2","Int":"1h","Val":"4.4","Ix":1},{"Code":"CO","Int":"8h","Val":"302","Ix":1},{"Code":"PM10","Int":"1h","Val":"12.0","Ix":1},{"Code":"O3","Int":"1h","Val":"46.3","Ix":-2},{"Code":"PM10","Int":"24h","Val":"6.2","Ix":-2}]},{"Code":"JJIZA","Name":"Jihlava-Znojemská","Owner":"ZÚ-Ostrava","Classif":"dopravní","Lat":"49.393333","Lon":"15.592500","Ix":1,"Components":[{"Code":"SO2","Int":"1h","Ix":-1},{"Code":"NO2","Int":"1h","Val":"9.2","Ix":1},{"Code":"CO","Int":"8h","Ix":-1},{"Code":"PM10","Int":"1h","Val":"8.0","Ix":1},{"Code":"O3","Int":"1h","Ix":-1},{"Code":"PM10","Int":"24h","Val":"9.5","Ix":-2}]},{"Code":"JKMYA","Name":"Kostelní Myslová","Owner":"ČHMÚ","Classif":"venkovská","Lat":"49.159153","Lon":"15.439048","Ix":-1,"Components":[{"Code":"SO2","Int":"1h","Ix":-1},{"Code":"NO2","Int":"1h","Ix":-1},{"Code":"CO","Int":"8h","Ix":-1},{"Code":"PM10","Int":"1h","Ix":-1},{"Code":"O3","Int":"1h","Val":"43.7","Ix":-2},{"Code":"PM10","Int":"24h","Ix":-1}]},{"Code":"JKOSA","Name":"Košetice","Owner":"ČHMÚ","Classif":"venkovská","Lat":"49.573395","Lon":"15.080278","Ix":1,"Components":[{"Code":"SO2","Int":"1h","Val":"1.3","Ix":1},{"Code":"NO2","Int":"1h","Val":"3.4","Ix":1},{"Code":"CO","Int":"8h","Val":"580","Ix":1},{"Code":"PM10","Int":"1h","Val":"10.0","Ix":1},{"Code":"O3","Int":"1h","Val":"46.7","Ix":-2},{"Code":"PM10","Int":"24h","Val":"11.9","Ix":-2}]},{"Code":"JTREA","Name":"Třebíč","Owner":"ČHMÚ","Classif":"předměstská","Lat":"49.223438","Lon":"15.865778","Ix":1,"Components":[{"Code":"SO2","Int":"1h","Ix":-1},{"Code":"NO2","Int":"1h","Ix":-1},{"Code":"CO","Int":"8h","Ix":-1},{"Code":"PM10","Int":"1h","Val":"13.0","Ix":1},{"Code":"O3","Int":"1h","Ix":-1},{"Code":"PM10","Int":"24h","Val":"7.1","Ix":-2}]},{"Code":"JZNZA","Name":"Ždár nad Sázavou","Owner":"ZÚ-Ostrava","Classif":"městská","Lat":"49.559723","Lon":"15.943056","Ix":1,"Components":[{"Code":"SO2","Int":"1h","Ix":-1},{"Code":"NO2","Int":"1h","Ix":-1},{"Code":"CO","Int":"8h","Ix":-1},{"Code":"PM10","Int":"1h","Val":"7.0","Ix":1},{"Code":"O3","Int":"1h","Ix":-1},{"Code":"PM10","Int":"24h","Val":"7.3","Ix":-2}]}]},{"Name":"Jihomoravský","Code":"B","Stations":[{"Code":"BBDNA","Name":"Brno - Dětská nemocnice","Owner":"ČHMÚ","Classif":"městská","Lat":"49.202724","Lon":"16.616287","Ix":1,"Components":[{"Code":"SO2","Int":"1h","Ix":-1},{"Code":"NO2","Int":"1h","Val":"7.5","Ix":1},{"Code":"CO","Int":"8h","Ix":-1},{"Code":"PM10","Int":"1h","Val":"8.0","Ix":1},{"Code":"O3","Int":"1h","Val":"35.1","Ix":-2},{"Code":"PM10","Int":"24h","Val":"6.7","Ix":-2}]},{"Code":"BBMAA","Name":"Brno-Arboretum","Owner":"SMBrno","Classif":"městská","Lat":"49.216087","Lon":"16.613836","Ix":1,"Components":[{"Code":"SO2","Int":"1h","Ix":-1},{"Code":"NO2","Int":"1h","Val":"6.1","Ix":1},{"Code":"CO","Int":"8h","Ix":-1},{"Code":"PM10","Int":"1h","Val":"7.8","Ix":1},{"Code":"O3","Int":"1h","Ix":-1},{"Code":"PM10","Int":"24h","Val":"7.1","Ix":-2}]},{"Code":"BBMLA","Name":"Brno-Lány","Owner":"SMBrno","Classif":"předměstská","Lat":"49.165260","Lon":"16.580812","Ix":1,"Components":[{"Code":"SO2","Int":"1h","Val":"11.2","Ix":1},{"Code":"NO2","Int":"1h","Val":"7.5","Ix":1},{"Code":"CO","Int":"8h","Val":"73","Ix":1},{"Code":"PM10","Int":"1h","Val":"8.2","Ix":1},{"Code":"O3","Int":"1h","Val":"39.7","Ix":-2},{"Code":"PM10","Int":"24h","Val":"8.2","Ix":-2}]},{"Code":"BBMSA","Name":"Brno-Svatoplukova","Owner":"SMBrno","Classif":"dopravní","Lat":"49.208160","Lon":"16.642517","Ix":1,"Components":[{"Code":"SO2","Int":"1h","Ix":-1},{"Code":"NO2","Int":"1h","Val":"11.5","Ix":1},{"Code":"CO","Int":"8h","Ix":-1},{"Code":"PM10","Int":"1h","Val":"16.1","Ix":1},{"Code":"O3","Int":"1h","Ix":-1},{"Code":"PM10","Int":"24h","Val":"10.9","Ix":-2}]},{"Code":"BBMVA","Name":"Brno-Výstaviště","Owner":"SMBrno","Classif":"dopravní","Lat":"49.189621","Lon":"16.569538","Ix":1,"Components":[{"Code":"SO2","Int":"1h","Ix":-1},{"Code":"NO2","Int":"1h","Val":"7.1","Ix":1},{"Code":"CO","Int":"8h","Ix":-1},{"Code":"PM10","Int":"1h","Val":"9.5","Ix":1},{"Code":"O3","Int":"1h","Ix":-1},{"Code":"PM10","Int":"24h","Val":"6.6","Ix":-2}]},{"Code":"BBMZA","Name":"Brno-Zvonařka","Owner":"SMBrno","Classif":"dopravní","Lat":"49.185883","Lon":"16.613661","Ix":1,"Components":[{"Code":"SO2","Int":"1h","Ix":-1},{"Code":"NO2","Int":"1h","Val":"7.8","Ix":1},{"Code":"CO","Int":"8h","Val":"204","Ix":1},{"Code":"PM10","Int":"1h","Val":"8.3","Ix":1},{"Code":"O3","Int":"1h","Val":"46.5","Ix":-2},{"Code":"PM10","Int":"24h","Val":"9.7","Ix":-2}]},{"Code":"BBNAA","Name":"Brno-Masná","Owner":"ZÚ-Ostrava","Classif":"městská","Lat":"49.188889","Lon":"16.626944","Ix":1,"Components":[{"Code":"SO2","Int":"1h","Ix":-1},{"Code":"NO2","Int":"1h","Val":"10.9","Ix":1},{"Code":"CO","Int":"8h","Ix":-1},{"Code":"PM10","Int":"1h","Val":"11.0","Ix":1},{"Code":"O3","Int":"1h","Ix":-1},{"Code":"PM10","Int":"24h","Val":"11.7","Ix":-2}]},{"Code":"BBNIA","Name":"Brno-Líšeň","Owner":"ČHMÚ","Classif":"městská","Lat":"49.213211","Lon":"16.678024","Ix":1,"Components":[{"Code":"SO2","Int":"1h","Ix":-1},{"Code":"NO2","Int":"1h","Ix":-1},{"Code":"CO","Int":"8h","Ix":-1},{"Code":"PM10","Int":"1h","Val":"10.0","Ix":1},{"Code":"O3","Int":"1h","Ix":-1},{"Code":"PM10","Int":"24h","Val":"6.2","Ix":-2}]},{"Code":"BBNVA","Name":"Brno-Úvoz (hot spot)","Owner":"ČHMÚ","Classif":"dopravní","Lat":"49.198090","Lon":"16.593643","Ix":1,"Components":[{"Code":"SO2","Int":"1h","Ix":-1},{"Code":"NO2","Int":"1h","Val":"8.4","Ix":1},{"Code":"CO","Int":"8h","Val":"342","Ix":1},{"Code":"PM10","Int":"1h","Val":"9.0","Ix":1},{"Code":"O3","Int":"1h","Ix":-1},{"Code":"PM10","Int":"24h","Val":"9.0","Ix":-2}]},{"Code":"BBNYA","Name":"Brno-Tuřany","Owner":"ČHMÚ","Classif":"předměstská","Lat":"49.148972","Lon":"16.696217","Ix":1,"Components":[{"Code":"SO2","Int":"1h","Val":"1.3","Ix":1},{"Code":"NO2","Int":"1h","Val":"8.4","Ix":1},{"Code":"CO","Int":"8h","Ix":-1},{"Code":"PM10","Int":"1h","Val":"12.0","Ix":1},{"Code":"O3","Int":"1h","Val":"38.9","Ix":-2},{"Code":"PM10","Int":"24h","Val":"6.8","Ix":-2}]},{"Code":"BHODA","Name":"Hodonín","Owner":"ZÚ-Ostrava","Classif":"městská","Lat":"48.857224","Lon":"17.133333","Ix":1,"Components":[{"Code":"SO2","Int":"1h","Ix":-1},{"Code":"NO2","Int":"1h","Ix":-1},{"Code":"CO","Int":"8h","Ix":-1},{"Code":"PM10","Int":"1h","Val":"12.0","Ix":1},{"Code":"O3","Int":"1h","Ix":-1},{"Code":"PM10","Int":"24h","Val":"11.8","Ix":-2}]},{"Code":"BKUCA","Name":"Kuchařovice","Owner":"ČHMÚ","Classif":"venkovská","Lat":"48.881355","Lon":"16.085817","Ix":-1,"Components":[{"Code":"SO2","Int":"1h","Ix":-1},{"Code":"NO2","Int":"1h","Ix":-1},{"Code":"CO","Int":"8h","Ix":-1},{"Code":"PM10","Int":"1h","Ix":-1},{"Code":"O3","Int":"1h","Val":"45.9","Ix":-2},{"Code":"PM10","Int":"24h","Ix":-1}]},{"Code":"BMISA","Name":"Mikulov-Sedlec","Owner":"ČHMÚ","Classif":"venkovská","Lat":"48.791767","Lon":"16.724497","Ix":1,"Components":[{"Code":"SO2","Int":"1h","Val":"6.1","Ix":1},{"Code":"NO2","Int":"1h","Val":"4.6","Ix":1},{"Code":"CO","Int":"8h","Ix":-1},{"Code":"PM10","Int":"1h","Val":"9.0","Ix":1},{"Code":"O3","Int":"1h","Val":"47.1","Ix":-2},{"Code":"PM10","Int":"24h","Val":"7.0","Ix":-2}]},{"Code":"BMOCA","Name":"Sivice","Owner":"Cemtech","Classif":"venkovská","Lat":"49.208424","Lon":"16.778324","Ix":1,"Components":[{"Code":"SO2","Int":"1h","Val":"1.3","Ix":1},{"Code":"NO2","Int":"1h","Val":"5.5","Ix":1},{"Code":"CO","Int":"8h","Ix":-1},{"Code":"PM10","Int":"1h","Val":"3.0","Ix":1},{"Code":"O3","Int":"1h","Ix":-1},{"Code":"PM10","Int":"24h","Val":"3.4","Ix":-2}]},{"Code":"BMOKA","Name":"Mokrá","Owner":"Cemtech","Classif":"venkovská","Lat":"49.216694","Lon":"16.754560","Ix":1,"Components":[{"Code":"SO2","Int":"1h","Ix":-1},{"Code":"NO2","Int":"1h","Ix":-1},{"Code":"CO","Int":"8h","Ix":-1},{"Code":"PM10","Int":"1h","Val":"3.0","Ix":1},{"Code":"O3","Int":"1h","Ix":-1},{"Code":"PM10","Int":"24h","Val":"3.4","Ix":-2}]},{"Code":"BZNOA","Name":"Znojmo","Owner":"ČHMÚ","Classif":"předměstská","Lat":"48.842957","Lon":"16.060127","Ix":1,"Components":[{"Code":"SO2","Int":"1h","Ix":-1},{"Code":"NO2","Int":"1h","Val":"3.1","Ix":1},{"Code":"CO","Int":"8h","Ix":-1},{"Code":"PM10","Int":"1h","Val":"9.0","Ix":1},{"Code":"O3","Int":"1h","Ix":-1},{"Code":"PM10","Int":"24h","Val":"7.7","Ix":-2}]}]},{"Name":"Olomoucký","Code":"M","Stations":[{"Code":"MJESA","Name":"Jeseník-lázně","Owner":"ČHMÚ","Classif":"venkovská","Lat":"50.242241","Lon":"17.190180","Ix":1,"Components":[{"Code":"SO2","Int":"1h","Val":"1.3","Ix":1},{"Code":"NO2","Int":"1h","Val":"1.0","Ix":1},{"Code":"CO","Int":"8h","Ix":-1},{"Code":"PM10","Int":"1h","Val":"2.0","Ix":1},{"Code":"O3","Int":"1h","Val":"33.3","Ix":-2},{"Code":"PM10","Int":"24h","Val":"3.6","Ix":-2}]},{"Code":"MOLJA","Name":"Olomouc-Hejčín","Owner":"ČHMÚ","Classif":"městská","Lat":"49.601463","Lon":"17.238073","Ix":1,"Components":[{"Code":"SO2","Int":"1h","Ix":-1},{"Code":"NO2","Int":"1h","Val":"7.5","Ix":1},{"Code":"CO","Int":"8h","Ix":-1},{"Code":"PM10","Int":"1h","Val":"6.0","Ix":1},{"Code":"O3","Int":"1h","Ix":-1},{"Code":"PM10","Int":"24h","Val":"7.3","Ix":-2}]},{"Code":"MOLSA","Name":"Olomouc-Šmeralova","Owner":"ZÚ-Ostrava","Classif":"městská","Lat":"49.592865","Lon":"17.266094","Ix":1,"Components":[{"Code":"SO2","Int":"1h","Ix":-1},{"Code":"NO2","Int":"1h","Ix":-1},{"Code":"CO","Int":"8h","Ix":-1},{"Code":"PM10","Int":"1h","Val":"8.0","Ix":1},{"Code":"O3","Int":"1h","Ix":-1},{"Code":"PM10","Int":"24h","Val":"7.0","Ix":-2}]},{"Code":"MPRRA","Name":"Přerov","Owner":"ČHMÚ","Classif":"městská","Lat":"49.451656","Lon":"17.454159","Ix":1,"Components":[{"Code":"SO2","Int":"1h","Val":"4.0","Ix":1},{"Code":"NO2","Int":"1h","Ix":-1},{"Code":"CO","Int":"8h","Ix":-1},{"Code":"PM10","Int":"1h","Val":"16.0","Ix":1},{"Code":"O3","Int":"1h","Val":"31.3","Ix":-2},{"Code":"PM10","Int":"24h","Val":"7.6","Ix":-2}]},{"Code":"MPSTA","Name":"Prostějov","Owner":"ČHMÚ","Classif":"městská","Lat":"49.467857","Lon":"17.114725","Ix":1,"Components":[{"Code":"SO2","Int":"1h","Ix":-1},{"Code":"NO2","Int":"1h","Ix":-1},{"Code":"CO","Int":"8h","Ix":-1},{"Code":"PM10","Int":"1h","Val":"4.0","Ix":1},{"Code":"O3","Int":"1h","Ix":-1},{"Code":"PM10","Int":"24h","Val":"3.7","Ix":-2}]}]},{"Name":"Zlínský","Code":"Z","Stations":[{"Code":"ZOTMA","Name":"Otrokovice-město","Owner":"MOTRO","Classif":"dopravní","Lat":"49.208912","Lon":"17.534742","Ix":0,"Components":[{"Code":"SO2","Int":"1h","Ix":-1},{"Code":"CO","Int":"8h","Val":"404","Ix":1},{"Code":"O3","Int":"1h","Ix":-1},{"Code":"PM10","Int":"24h","Val":"10.6","Ix":-2}]},{"Code":"ZSNVA","Name":"Štítná n.Vláří","Owner":"ČHMÚ","Classif":"venkovská","Lat":"49.047817","Lon":"18.007828","Ix":-1,"Components":[{"Code":"SO2","Int":"1h","Ix":-1},{"Code":"NO2","Int":"1h","Ix":-1},{"Code":"CO","Int":"8h","Ix":-1},{"Code":"PM10","Int":"1h","Ix":-1},{"Code":"O3","Int":"1h","Val":"38.5","Ix":-2},{"Code":"PM10","Int":"24h","Ix":-1}]},{"Code":"ZTNVA","Name":"Těšnovice","Owner":"ČHMÚ","Classif":"venkovská","Lat":"49.259392","Lon":"17.410561","Ix":1,"Components":[{"Code":"SO2","Int":"1h","Val":"1.3","Ix":1},{"Code":"NO2","Int":"1h","Val":"4.4","Ix":1},{"Code":"CO","Int":"8h","Ix":-1},{"Code":"PM10","Int":"1h","Val":"18.0","Ix":1},{"Code":"O3","Int":"1h","Val":"41.3","Ix":-2},{"Code":"PM10","Int":"24h","Val":"5.3","Ix":-2}]},{"Code":"ZUHRA","Name":"Uherské Hradiště","Owner":"ČHMÚ","Classif":"dopravní","Lat":"49.067951","Lon":"17.466848","Ix":1,"Components":[{"Code":"SO2","Int":"1h","Ix":-1},{"Code":"NO2","Int":"1h","Val":"18.4","Ix":1},{"Code":"CO","Int":"8h","Val":"171","Ix":1},{"Code":"PM10","Int":"1h","Val":"19.4","Ix":1},{"Code":"O3","Int":"1h","Ix":-1},{"Code":"PM10","Int":"24h","Val":"9.0","Ix":-2}]},{"Code":"ZVMZA","Name":"Valašské Meziříčí","Owner":"ČHMÚ","Classif":"městská","Lat":"49.472057","Lon":"17.966976","Ix":1,"Components":[{"Code":"SO2","Int":"1h","Ix":-1},{"Code":"NO2","Int":"1h","Ix":-1},{"Code":"CO","Int":"8h","Ix":-1},{"Code":"PM10","Int":"1h","Val":"6.0","Ix":1},{"Code":"O3","Int":"1h","Ix":-1},{"Code":"PM10","Int":"24h","Val":"6.7","Ix":-2}]},{"Code":"ZZLNA","Name":"Zlín","Owner":"ČHMÚ","Classif":"předměstská","Lat":"49.232906","Lon":"17.667175","Ix":1,"Components":[{"Code":"SO2","Int":"1h","Val":"1.3","Ix":1},{"Code":"NO2","Int":"1h","Val":"8.6","Ix":1},{"Code":"CO","Int":"8h","Ix":-1},{"Code":"PM10","Int":"1h","Val":"12.0","Ix":1},{"Code":"O3","Int":"1h","Val":"32.9","Ix":-2},{"Code":"PM10","Int":"24h","Val":"7.0","Ix":-2}]}]},{"Name":"Moravskoslezský","Code":"T","Stations":[{"Code":"TBKRA","Name":"Bílý Kříž","Owner":"ČHMÚ","Classif":"venkovská","Lat":"49.502609","Lon":"18.538561","Ix":-1,"Components":[{"Code":"SO2","Int":"1h","Val":"1.3","Ix":1},{"Code":"NO2","Int":"1h","Val":"3.6","Ix":1},{"Code":"CO","Int":"8h","Ix":-1},{"Code":"PM10","Int":"1h","Ix":-1},{"Code":"O3","Int":"1h","Val":"42.5","Ix":-2},{"Code":"PM10","Int":"24h","Ix":-1}]},{"Code":"TCERA","Name":"Červená hora","Owner":"ČHMÚ","Classif":"venkovská","Lat":"49.777142","Lon":"17.541946","Ix":-1,"Components":[{"Code":"SO2","Int":"1h","Ix":-1},{"Code":"NO2","Int":"1h","Val":"4.0","Ix":1},{"Code":"CO","Int":"8h","Ix":-1},{"Code":"PM10","Int":"1h","Ix":-1},{"Code":"O3","Int":"1h","Val":"35.1","Ix":-2},{"Code":"PM10","Int":"24h","Ix":-1}]},{"Code":"TCTNA","Name":"Český Těšín","Owner":"ČHMÚ","Classif":"městská","Lat":"49.748959","Lon":"18.609726","Ix":1,"Components":[{"Code":"SO2","Int":"1h","Val":"1.3","Ix":1},{"Code":"NO2","Int":"1h","Val":"11.5","Ix":1},{"Code":"CO","Int":"8h","Ix":-1},{"Code":"PM10","Int":"1h","Val":"16.0","Ix":1},{"Code":"O3","Int":"1h","Ix":-1},{"Code":"PM10","Int":"24h","Val":"4.4","Ix":-2}]},{"Code":"TFMIA","Name":"Frýdek-Místek","Owner":"ČHMÚ","Classif":"předměstská","Lat":"49.671791","Lon":"18.351070","Ix":1,"Components":[{"Code":"SO2","Int":"1h","Ix":-1},{"Code":"NO2","Int":"1h","Val":"14.0","Ix":1},{"Code":"CO","Int":"8h","Ix":-1},{"Code":"PM10","Int":"1h","Val":"7.0","Ix":1},{"Code":"O3","Int":"1h","Ix":-1},{"Code":"PM10","Int":"24h","Val":"4.9","Ix":-2}]},{"Code":"THARA","Name":"Havířov","Owner":"ČHMÚ","Classif":"městská","Lat":"49.790977","Lon":"18.406836","Ix":1,"Components":[{"Code":"SO2","Int":"1h","Ix":-1},{"Code":"NO2","Int":"1h","Ix":-1},{"Code":"CO","Int":"8h","Ix":-1},{"Code":"PM10","Int":"1h","Val":"14.0","Ix":1},{"Code":"O3","Int":"1h","Ix":-1},{"Code":"PM10","Int":"24h","Val":"5.7","Ix":-2}]},{"Code":"THLOA","Name":"Horní Lomná","Owner":"ZÚ, MSK","Classif":"venkovská","Lat":"49.530251","Lon":"18.638639","Ix":1,"Components":[{"Code":"SO2","Int":"1h","Val":"17.3","Ix":1},{"Code":"NO2","Int":"1h","Val":"8.0","Ix":1},{"Code":"CO","Int":"8h","Val":"273","Ix":1},{"Code":"PM10","Int":"1h","Val":"6.0","Ix":1},{"Code":"O3","Int":"1h","Val":"40.5","Ix":-2},{"Code":"PM10","Int":"24h","Val":"10.6","Ix":-2}]},{"Code":"TKAOK","Name":"Karviná-ZÚ","Owner":"ZÚ-Ostrava","Classif":"dopravní","Lat":"49.858891","Lon":"18.557777","Ix":1,"Components":[{"Code":"SO2","Int":"1h","Ix":-1},{"Code":"NO2","Int":"1h","Val":"10.9","Ix":1},{"Code":"CO","Int":"8h","Ix":-1},{"Code":"PM10","Int":"1h","Val":"3.0","Ix":1},{"Code":"O3","Int":"1h","Ix":-1},{"Code":"PM10","Int":"24h","Val":"8.3","Ix":-2}]},{"Code":"TKARA","Name":"Karviná","Owner":"ČHMÚ","Classif":"městská","Lat":"49.863796","Lon":"18.551453","Ix":0,"Components":[{"Code":"CO","Int":"8h","Ix":-1},{"Code":"PM10","Int":"1h","Val":"9.0","Ix":1},{"Code":"O3","Int":"1h","Val":"40.5","Ix":-2},{"Code":"PM10","Int":"24h","Val":"8.3","Ix":-2}]},{"Code":"TOCBA","Name":"Ostrava-Českobratrská (hot spot)","Owner":"ČHMÚ","Classif":"dopravní","Lat":"49.839848","Lon":"18.289976","Ix":1,"Components":[{"Code":"SO2","Int":"1h","Ix":-1},{"Code":"NO2","Int":"1h","Val":"14.5","Ix":1},{"Code":"CO","Int":"8h","Val":"268","Ix":1},{"Code":"PM10","Int":"1h","Val":"1.0","Ix":1},{"Code":"O3","Int":"1h","Ix":-1},{"Code":"PM10","Int":"24h","Val":"5.2","Ix":-2}]},{"Code":"TODRA","Name":"Odry","Owner":"ZÚ, MSK","Classif":"předměstská","Lat":"49.666637","Lon":"17.834862","Ix":1,"Components":[{"Code":"SO2","Int":"1h","Val":"5.6","Ix":1},{"Code":"NO2","Int":"1h","Val":"16.6","Ix":1},{"Code":"CO","Int":"8h","Val":"362","Ix":1},{"Code":"PM10","Int":"1h","Val":"5.0","Ix":1},{"Code":"O3","Int":"1h","Val":"37.3","Ix":-2},{"Code":"PM10","Int":"24h","Val":"10.8","Ix":-2}]},{"Code":"TOFFA","Name":"Ostrava-Fifejdy","Owner":"ČHMÚ","Classif":"městská","Lat":"49.839188","Lon":"18.263689","Ix":1,"Components":[{"Code":"SO2","Int":"1h","Val":"1.3","Ix":1},{"Code":"NO2","Int":"1h","Val":"7.3","Ix":1},{"Code":"CO","Int":"8h","Ix":-1},{"Code":"PM10","Int":"1h","Val":"5.0","Ix":1},{"Code":"O3","Int":"1h","Val":"41.3","Ix":-2},{"Code":"PM10","Int":"24h","Val":"6.2","Ix":-2}]},{"Code":"TOMHK","Name":"Ostrava-Mariánské Hory","Owner":"ZÚ, SMOva","Classif":"průmyslová","Lat":"49.824860","Lon":"18.263655","Ix":1,"Components":[{"Code":"SO2","Int":"1h","Val":"5.6","Ix":1},{"Code":"NO2","Int":"1h","Val":"4.0","Ix":1},{"Code":"CO","Int":"8h","Val":"228","Ix":1},{"Code":"PM10","Int":"1h","Val":"3.0","Ix":1},{"Code":"O3","Int":"1h","Val":"46.9","Ix":-2},{"Code":"PM10","Int":"24h","Val":"6.1","Ix":-2}]},{"Code":"TOPDA","Name":"Ostrava-Poruba, DD","Owner":"ZÚ, SMOva","Classif":"dopravní","Lat":"49.835506","Lon":"18.165279","Ix":1,"Components":[{"Code":"SO2","Int":"1h","Ix":-1},{"Code":"NO2","Int":"1h","Val":"4.0","Ix":1},{"Code":"CO","Int":"8h","Ix":-1},{"Code":"PM10","Int":"1h","Val":"5.0","Ix":1},{"Code":"O3","Int":"1h","Ix":-1},{"Code":"PM10","Int":"24h","Val":"7.9","Ix":-2}]},{"Code":"TOPOA","Name":"Ostrava-Poruba/ČHMÚ","Owner":"ČHMÚ","Classif":"předměstská","Lat":"49.825294","Lon":"18.159275","Ix":-1,"Components":[{"Code":"SO2","Int":"1h","Val":"1.3","Ix":1},{"Code":"NO2","Int":"1h","Val":"3.4","Ix":1},{"Code":"CO","Int":"8h","Ix":-1},{"Code":"PM10","Int":"1h","Ix":-1},{"Code":"O3","Int":"1h","Ix":-1},{"Code":"PM10","Int":"24h","Ix":-1}]},{"Code":"TOPRA","Name":"Ostrava-Přívoz","Owner":"ČHMÚ","Classif":"průmyslová","Lat":"49.856258","Lon":"18.269741","Ix":1,"Components":[{"Code":"SO2","Int":"1h","Val":"1.3","Ix":1},{"Code":"NO2","Int":"1h","Val":"6.3","Ix":1},{"Code":"CO","Int":"8h","Val":"58","Ix":1},{"Code":"PM10","Int":"1h","Val":"6.0","Ix":1},{"Code":"O3","Int":"1h","Ix":-1},{"Code":"PM10","Int":"24h","Val":"5.9","Ix":-2}]},{"Code":"TOREK","Name":"Ostrava-Radvanice ZÚ","Owner":"ZÚ, SMOva","Classif":"průmyslová","Lat":"49.807056","Lon":"18.339138","Ix":2,"Components":[{"Code":"NO2","Int":"1h","Val":"8.0","Ix":1},{"Code":"CO","Int":"8h","Val":"1 503","Ix":2},{"Code":"PM10","Int":"1h","Val":"3.0","Ix":1},{"Code":"O3","Int":"1h","Val":"49.5","Ix":-2},{"Code":"PM10","Int":"24h","Val":"27.2","Ix":-2}]},{"Code":"TOROK","Name":"Ostrava Radvanice OZO","Owner":"ZÚ, SMOva","Classif":"předměstská","Lat":"49.818539","Lon":"18.340343","Ix":1,"Components":[{"Code":"SO2","Int":"1h","Val":"5.6","Ix":1},{"Code":"NO2","Int":"1h","Val":"4.0","Ix":1},{"Code":"CO","Int":"8h","Ix":-1},{"Code":"PM10","Int":"1h","Val":"3.0","Ix":1},{"Code":"O3","Int":"1h","Val":"47.3","Ix":-2},{"Code":"PM10","Int":"24h","Val":"12.0","Ix":-2}]},{"Code":"TORVA","Name":"Orlová","Owner":"ČHMÚ","Classif":"městská","Lat":"49.875660","Lon":"18.433607","Ix":1,"Components":[{"Code":"SO2","Int":"1h","Ix":-1},{"Code":"NO2","Int":"1h","Ix":-1},{"Code":"CO","Int":"8h","Ix":-1},{"Code":"PM10","Int":"1h","Val":"1.0","Ix":1},{"Code":"O3","Int":"1h","Ix":-1},{"Code":"PM10","Int":"24h","Val":"11.8","Ix":-2}]},{"Code":"TOVKA","Name":"Opava-Kateřinky","Owner":"ČHMÚ","Classif":"městská","Lat":"49.944988","Lon":"17.909531","Ix":1,"Components":[{"Code":"SO2","Int":"1h","Ix":-1},{"Code":"NO2","Int":"1h","Val":"5.2","Ix":1},{"Code":"CO","Int":"8h","Ix":-1},{"Code":"PM10","Int":"1h","Val":"4.0","Ix":1},{"Code":"O3","Int":"1h","Val":"50.7","Ix":-2},{"Code":"PM10","Int":"24h","Val":"2.4","Ix":-2}]},{"Code":"TOZRA","Name":"Ostrava-Zábřeh","Owner":"ČHMÚ","Classif":"městská","Lat":"49.796040","Lon":"18.247181","Ix":1,"Components":[{"Code":"SO2","Int":"1h","Val":"1.3","Ix":1},{"Code":"NO2","Int":"1h","Val":"8.0","Ix":1},{"Code":"CO","Int":"8h","Ix":-1},{"Code":"PM10","Int":"1h","Val":"7.0","Ix":1},{"Code":"O3","Int":"1h","Ix":-1},{"Code":"PM10","Int":"24h","Val":"5.2","Ix":-2}]},{"Code":"TRYMA","Name":"Rýmařov","Owner":"ZÚ, MSK","Classif":"městská","Lat":"49.934113","Lon":"17.269638","Ix":0,"Components":[{"Code":"SO2","Int":"1h","Val":"5.6","Ix":1},{"Code":"NO2","Int":"1h","Val":"4.0","Ix":1},{"Code":"CO","Int":"8h","Val":"238","Ix":1},{"Code":"O3","Int":"1h","Val":"38.3","Ix":-2},{"Code":"PM10","Int":"24h","Val":"","Ix":-2}]},{"Code":"TSTDA","Name":"Studénka","Owner":"ČHMÚ","Classif":"venkovská","Lat":"49.720936","Lon":"18.089306","Ix":0,"Components":[{"Code":"CO","Int":"8h","Ix":-1},{"Code":"PM10","Int":"1h","Val":"5.0","Ix":1},{"Code":"O3","Int":"1h","Val":"37.3","Ix":-2},{"Code":"PM10","Int":"24h","Val":"7.0","Ix":-2}]},{"Code":"TTRKA","Name":"Třinec-Kanada","Owner":"MTŘ","Classif":"městská","Lat":"49.672379","Lon":"18.643038","Ix":1,"Components":[{"Code":"SO2","Int":"1h","Ix":-1},{"Code":"NO2","Int":"1h","Val":"5.7","Ix":1},{"Code":"CO","Int":"8h","Ix":-1},{"Code":"PM10","Int":"1h","Val":"8.0","Ix":1},{"Code":"O3","Int":"1h","Ix":-1},{"Code":"PM10","Int":"24h","Val":"7.8","Ix":-2}]},{"Code":"TTROA","Name":"Třinec-Kosmos","Owner":"ČHMÚ","Classif":"městská","Lat":"49.668114","Lon":"18.677799","Ix":1,"Components":[{"Code":"SO2","Int":"1h","Ix":-1},{"Code":"NO2","Int":"1h","Ix":-1},{"Code":"CO","Int":"8h","Ix":-1},{"Code":"PM10","Int":"1h","Val":"8.0","Ix":1},{"Code":"O3","Int":"1h","Val":"42.7","Ix":-2},{"Code":"PM10","Int":"24h","Val":"2.9","Ix":-2}]},{"Code":"TVERA","Name":"Věřňovice","Owner":"ČHMÚ,MSK","Classif":"venkovská","Lat":"49.924679","Lon":"18.422873","Ix":1,"Components":[{"Code":"SO2","Int":"1h","Val":"1.3","Ix":1},{"Code":"NO2","Int":"1h","Val":"5.9","Ix":1},{"Code":"CO","Int":"8h","Ix":-1},{"Code":"PM10","Int":"1h","Val":"4.0","Ix":1},{"Code":"O3","Int":"1h","Ix":-1},{"Code":"PM10","Int":"24h","Val":"5.1","Ix":-2}]}]}]},{"Name":"Polsko","Code":"O","DateFromTo":"16.11.2015 02:00 - 03:00 SEČ","DateFromUTC":"2015-11-16 01:00:00.0 UTC","DateToUTC":"2015-11-16 02:00:00.0 UTC","Regions":[{"Name":"Malopolský","Code":"Y","Stations":[{"Code":"YKRAA","Name":"Krakow","Owner":"MWIOS","Classif":"městská","Lat":"50.010574","Lon":"19.949188","Ix":1,"Components":[{"Code":"SO2","Int":"1h","Ix":-1},{"Code":"NO2","Int":"1h","Val":"3.6","Ix":1},{"Code":"CO","Int":"8h","Ix":-1},{"Code":"PM10","Int":"1h","Val":"5.0","Ix":1},{"Code":"O3","Int":"1h","Val":"","Ix":-2},{"Code":"PM10","Int":"24h","Val":"9.4","Ix":-2}]},{"Code":"YTARA","Name":"Tarnow","Owner":"MWIOS","Classif":"městská","Lat":"50.020168","Lon":"21.004168","Ix":1,"Components":[{"Code":"SO2","Int":"1h","Val":"12.6","Ix":1},{"Code":"NO2","Int":"1h","Val":"8.6","Ix":1},{"Code":"CO","Int":"8h","Val":"118","Ix":1},{"Code":"PM10","Int":"1h","Val":"4.5","Ix":1},{"Code":"O3","Int":"1h","Ix":-1},{"Code":"PM10","Int":"24h","Val":"8.0","Ix":-2}]},{"Code":"YTRZA","Name":"Trzebinia","Owner":"MWIOS","Classif":"městská","Lat":"50.159405","Lon":"19.477465","Ix":1,"Components":[{"Code":"SO2","Int":"1h","Val":"6.5","Ix":1},{"Code":"NO2","Int":"1h","Val":"8.5","Ix":1},{"Code":"CO","Int":"8h","Val":"172","Ix":1},{"Code":"PM10","Int":"1h","Val":"16.4","Ix":1},{"Code":"O3","Int":"1h","Ix":-1},{"Code":"PM10","Int":"24h","Val":"13.6","Ix":-2}]},{"Code":"YZAKA","Name":"Zakopane","Owner":"MWIOS","Classif":"městská","Lat":"49.293564","Lon":"19.960083","Ix":1,"Components":[{"Code":"SO2","Int":"1h","Val":"2.3","Ix":1},{"Code":"NO2","Int":"1h","Val":"2.6","Ix":1},{"Code":"CO","Int":"8h","Val":"99","Ix":1},{"Code":"PM10","Int":"1h","Val":"3.0","Ix":1},{"Code":"O3","Int":"1h","Ix":-1},{"Code":"PM10","Int":"24h","Val":"3.6","Ix":-2}]}]},{"Name":"Opolský","Code":"Q","Stations":[{"Code":"QKEKA","Name":"Kedzierzyn-Kozle","Owner":"OWIOS","Classif":"městská","Lat":"50.349609","Lon":"18.236574","Ix":1,"Components":[{"Code":"SO2","Int":"1h","Ix":-1},{"Code":"NO2","Int":"1h","Ix":-1},{"Code":"CO","Int":"8h","Ix":-1},{"Code":"PM10","Int":"1h","Val":"9.5","Ix":1},{"Code":"O3","Int":"1h","Ix":-1},{"Code":"PM10","Int":"24h","Val":"7.9","Ix":-2}]},{"Code":"QOPOA","Name":"Opole","Owner":"OWIOS","Classif":"městská","Lat":"50.666962","Lon":"17.922796","Ix":0,"Components":[{"Code":"CO","Int":"8h","Ix":-1},{"Code":"O3","Int":"1h","Ix":-1},{"Code":"PM10","Int":"24h","Val":"","Ix":-2}]},{"Code":"QZDZA","Name":"Zdzieszowice","Owner":"OWIOS","Classif":"městská","Lat":"50.423534","Lon":"18.120739","Ix":1,"Components":[{"Code":"SO2","Int":"1h","Ix":-1},{"Code":"NO2","Int":"1h","Val":"8.4","Ix":1},{"Code":"CO","Int":"8h","Ix":-1},{"Code":"PM10","Int":"1h","Val":"3.7","Ix":1},{"Code":"O3","Int":"1h","Ix":-1},{"Code":"PM10","Int":"24h","Val":"8.5","Ix":-2}]}]},{"Name":"Dolnoslezský","Code":"V","Stations":[{"Code":"VDZRA","Name":"Dzierzoniow","Owner":"DWIOS","Classif":"městská","Lat":"50.732819","Lon":"16.648050","Ix":1,"Components":[{"Code":"SO2","Int":"1h","Val":"7.5","Ix":1},{"Code":"NO2","Int":"1h","Val":"5.8","Ix":1},{"Code":"CO","Int":"8h","Ix":-1},{"Code":"PM10","Int":"1h","Val":"18.1","Ix":1},{"Code":"O3","Int":"1h","Ix":-1},{"Code":"PM10","Int":"24h","Val":"12.8","Ix":-2}]},{"Code":"VOSIA","Name":"Osieczów","Owner":"DWIOS","Classif":"venkovská","Lat":"51.317696","Lon":"15.431735","Ix":-1,"Components":[{"Code":"SO2","Int":"1h","Val":"1.0","Ix":1},{"Code":"NO2","Int":"1h","Val":"3.6","Ix":1},{"Code":"CO","Int":"8h","Ix":-1},{"Code":"PM10","Int":"1h","Ix":-1},{"Code":"O3","Int":"1h","Val":"","Ix":-2},{"Code":"PM10","Int":"24h","Ix":-1}]},{"Code":"VZASA","Name":"Zabkowice Slaskie","Owner":"DWIOS","Classif":"městská","Lat":"50.592335","Lon":"16.819822","Ix":1,"Components":[{"Code":"SO2","Int":"1h","Val":"3.4","Ix":1},{"Code":"NO2","Int":"1h","Val":"6.3","Ix":1},{"Code":"PM10","Int":"1h","Val":"11.7","Ix":1},{"Code":"O3","Int":"1h","Ix":-1},{"Code":"PM10","Int":"24h","Val":"15.1","Ix":-2}]}]},{"Name":"Slezský","Code":"W","Stations":[{"Code":"WBIBA","Name":"Bielsko Biala","Owner":"SWIOS","Classif":"městská","Lat":"49.813473","Lon":"19.027319","Ix":0,"Components":[{"Code":"SO2","Int":"1h","Val":"3.3","Ix":1},{"Code":"NO2","Int":"1h","Val":"8.7","Ix":1},{"Code":"CO","Int":"8h","Val":"703","Ix":1},{"Code":"O3","Int":"1h","Val":"43.1","Ix":-2},{"Code":"PM10","Int":"24h","Val":"4.5","Ix":-2}]},{"Code":"WCIEA","Name":"Cieszyn","Owner":"SWIOS","Classif":"městská","Lat":"49.738136","Lon":"18.639069","Ix":0,"Components":[{"Code":"SO2","Int":"1h","Val":"4.1","Ix":1},{"Code":"NO2","Int":"1h","Val":"9.6","Ix":1},{"Code":"CO","Int":"8h","Val":"579","Ix":1},{"Code":"O3","Int":"1h","Val":"29.8","Ix":-2},{"Code":"PM10","Int":"24h","Val":"10.6","Ix":-2}]},{"Code":"WCZAA","Name":"Czestochowa - Armii Krajowej","Owner":"SWIOS","Classif":"dopravní","Lat":"50.817680","Lon":"19.117416","Ix":0,"Components":[{"Code":"SO2","Int":"1h","Val":"7.6","Ix":1},{"Code":"NO2","Int":"1h","Val":"8.9","Ix":1},{"Code":"CO","Int":"8h","Val":"196","Ix":1},{"Code":"O3","Int":"1h","Ix":-1},{"Code":"PM10","Int":"24h","Val":"8.9","Ix":-2}]},{"Code":"WCZBA","Name":"Czestochowa - Baczyrskiego","Owner":"SWIOS","Classif":"městská","Lat":"50.836388","Lon":"19.130112","Ix":0,"Components":[{"Code":"SO2","Int":"1h","Val":"13.9","Ix":1},{"Code":"NO2","Int":"1h","Val":"6.5","Ix":1},{"Code":"CO","Int":"8h","Val":"275","Ix":1},{"Code":"O3","Int":"1h","Val":"39.9","Ix":-2},{"Code":"PM10","Int":"24h","Val":"6.9","Ix":-2}]},{"Code":"WDAGA","Name":"Dabrowa Górnicza","Owner":"SWIOS","Classif":"městská","Lat":"50.329113","Lon":"19.231220","Ix":0,"Components":[{"Code":"SO2","Int":"1h","Val":"2.6","Ix":1},{"Code":"NO2","Int":"1h","Val":"6.3","Ix":1},{"Code":"CO","Int":"8h","Val":"365","Ix":1},{"Code":"O3","Int":"1h","Val":"39.2","Ix":-2},{"Code":"PM10","Int":"24h","Val":"10.3","Ix":-2}]},{"Code":"WGLIA","Name":"Gliwice","Owner":"SWIOS","Classif":"městská","Lat":"50.279331","Lon":"18.655764","Ix":0,"Components":[{"Code":"SO2","Int":"1h","Val":"5.1","Ix":1},{"Code":"NO2","Int":"1h","Val":"6.2","Ix":1},{"Code":"CO","Int":"8h","Ix":-1},{"Code":"O3","Int":"1h","Ix":-1},{"Code":"PM10","Int":"24h","Val":"15.1","Ix":-2}]},{"Code":"WKATA","Name":"Katowice","Owner":"SWIOS","Classif":"městská","Lat":"50.264645","Lon":"18.974943","Ix":0,"Components":[{"Code":"SO2","Int":"1h","Val":"11.9","Ix":1},{"Code":"NO2","Int":"1h","Val":"9.1","Ix":1},{"Code":"O3","Int":"1h","Val":"32.1","Ix":-2},{"Code":"PM10","Int":"24h","Val":"8.4","Ix":-2}]},{"Code":"WRYBA","Name":"Rybnik","Owner":"SWIOS","Classif":"městská","Lat":"50.111179","Lon":"18.516138","Ix":1,"Components":[{"Code":"SO2","Int":"1h","Val":"0.3","Ix":1},{"Code":"NO2","Int":"1h","Val":"9.9","Ix":1},{"Code":"CO","Int":"8h","Val":"197","Ix":1},{"Code":"PM10","Int":"1h","Val":"13.0","Ix":1},{"Code":"O3","Int":"1h","Val":"39.8","Ix":-2},{"Code":"PM10","Int":"24h","Val":"16.1","Ix":-2}]},{"Code":"WSOSA","Name":"Sosnowiec","Owner":"SWIOS","Classif":"městská","Lat":"50.285946","Lon":"19.184418","Ix":-1,"Components":[{"Code":"SO2","Int":"1h","Val":"5.5","Ix":1},{"Code":"NO2","Int":"1h","Ix":-1},{"Code":"CO","Int":"8h","Ix":-1},{"Code":"PM10","Int":"1h","Ix":-1},{"Code":"O3","Int":"1h","Ix":-1},{"Code":"PM10","Int":"24h","Ix":-1}]},{"Code":"WTYCA","Name":"Tychy","Owner":"SWIOS","Classif":"městská","Lat":"50.099903","Lon":"18.990234","Ix":1,"Components":[{"Code":"SO2","Int":"1h","Val":"9.2","Ix":1},{"Code":"NO2","Int":"1h","Val":"3.3","Ix":1},{"Code":"CO","Int":"8h","Ix":-1},{"Code":"PM10","Int":"1h","Val":"9.3","Ix":1},{"Code":"O3","Int":"1h","Ix":-1},{"Code":"PM10","Int":"24h","Val":"10.8","Ix":-2}]},{"Code":"WUSTA","Name":"Ustron","Owner":"SWIOS","Classif":"městská","Lat":"49.719723","Lon":"18.826584","Ix":0,"Components":[{"Code":"SO2","Int":"1h","Val":"4.1","Ix":1},{"Code":"NO2","Int":"1h","Val":"9.2","Ix":1},{"Code":"CO","Int":"8h","Ix":-1},{"Code":"O3","Int":"1h","Val":"33.4","Ix":-2},{"Code":"PM10","Int":"24h","Val":"","Ix":-2}]},{"Code":"WWOZA","Name":"Wodzislaw","Owner":"SWIOS","Classif":"městská","Lat":"50.007668","Lon":"18.455526","Ix":0,"Components":[{"Code":"SO2","Int":"1h","Val":"3.2","Ix":1},{"Code":"NO2","Int":"1h","Val":"5.6","Ix":1},{"Code":"CO","Int":"8h","Val":"416","Ix":1},{"Code":"O3","Int":"1h","Val":"48.8","Ix":-2},{"Code":"PM10","Int":"24h","Val":"14.1","Ix":-2}]},{"Code":"WZABA","Name":"Zabrze","Owner":"SWIOS","Classif":"městská","Lat":"50.316498","Lon":"18.772375","Ix":1,"Components":[{"Code":"SO2","Int":"1h","Val":"4.0","Ix":1},{"Code":"NO2","Int":"1h","Val":"7.1","Ix":1},{"Code":"CO","Int":"8h","Val":"375","Ix":1},{"Code":"PM10","Int":"1h","Val":"3.6","Ix":1},{"Code":"O3","Int":"1h","Val":"34.4","Ix":-2},{"Code":"PM10","Int":"24h","Val":"15.5","Ix":-2}]},{"Code":"WZLPA","Name":"Zloty Potok","Owner":"SWIOS","Classif":"venkovská","Lat":"50.711056","Lon":"19.458471","Ix":0,"Components":[{"Code":"SO2","Int":"1h","Val":"3.3","Ix":1},{"Code":"NO2","Int":"1h","Val":"8.0","Ix":1},{"Code":"CO","Int":"8h","Ix":-1},{"Code":"O3","Int":"1h","Val":"45.3","Ix":-2},{"Code":"PM10","Int":"24h","Val":"","Ix":-2}]},{"Code":"WZYWA","Name":"Zywiec","Owner":"SWIOS","Classif":"městská","Lat":"49.687939","Lon":"19.458471","Ix":0,"Components":[{"Code":"CO","Int":"8h","Ix":-1},{"Code":"O3","Int":"1h","Ix":-1},{"Code":"PM10","Int":"24h","Val":"","Ix":-2}]}]}]}]}